DATE,bz,ch,sf,sz
2014-07-21,2.2194,6.2088,10.6115,0.898
2014-07-22,2.207,6.2025,10.565,0.9022
2014-07-23,2.2184,6.1982,10.5,0.9024
2014-07-24,2.2172,6.1944,10.522,0.9024
2014-07-25,2.2286,6.1913,10.5095,0.9045
2014-07-28,2.2298,6.187,10.581,0.9037
2014-07-29,2.229,6.18,10.6,0.9068
2014-07-30,2.2533,6.1712,10.6895,0.9096
2014-07-31,2.2696,6.1737,10.706,0.9086
2014-08-01,2.2674,6.1793,10.7015,0.9048
2014-08-04,2.2591,6.178,10.698,0.9068
2014-08-05,2.277,6.1705,10.7555,0.9102
2014-08-06,2.2754,6.1625,10.7275,0.9095
2014-08-07,2.2884,6.1618,10.7375,0.9086
2014-08-08,2.296,6.1557,10.669,0.905
2014-08-11,2.274,6.1528,10.633,0.9063
2014-08-12,2.2739,6.1575,10.6355,0.9082
2014-08-13,2.2762,6.1531,10.582,0.9079
2014-08-14,2.2709,6.1575,10.54,0.9056
2014-08-15,2.2736,6.147,10.6,0.9026
2014-08-18,2.2595,6.1425,10.6135,0.9066
2014-08-19,2.2555,6.1425,10.641,0.9089
2014-08-20,2.2537,6.1395,10.702,0.9116
2014-08-21,2.2555,6.151,10.694,0.9112
2014-08-22,2.2784,6.151,10.6985,0.9142
2014-08-25,2.2823,6.154,10.702,0.9144
2014-08-26,2.2725,6.1522,10.685,0.9167
2014-08-27,2.2594,6.143,10.6195,0.9148
2014-08-28,2.2521,6.1423,10.6455,0.915
2014-08-29,2.2381,6.143,10.6475,0.9174
2014-09-01,2.2447,6.1455,10.6475,0.9185
2014-09-02,2.2513,6.148,10.742,0.9196
2014-09-03,2.2308,6.1408,10.6805,0.9186
2014-09-04,2.2399,6.1383,10.7055,0.9327
2014-09-05,2.244,6.14,10.6915,0.9306
2014-09-08,2.2498,6.14,10.778,0.9317
2014-09-09,2.2825,6.1362,10.9245,0.9348
2014-09-10,2.2956,6.1284,10.9265,0.9382
2014-09-11,2.2882,6.1295,10.9545,0.9349
2014-09-12,2.3301,6.1344,10.993,0.9337
2014-09-15,2.3451,6.1415,10.985,0.9344
2014-09-16,2.3227,6.1459,10.872,0.9314
2014-09-17,2.3458,6.1385,10.967,0.9346
2014-09-18,2.3602,6.14,11.054,0.9344
2014-09-19,2.3747,6.1403,11.08,0.9404
2014-09-22,2.3862,6.14,11.1635,0.941
2014-09-23,2.41,6.1368,11.135,0.9386
2014-09-24,2.4022,6.1346,11.1495,0.9446
2014-09-25,2.4179,6.1355,11.183,0.9467
2014-09-26,2.4243,6.1266,11.25,0.9513
2014-09-29,2.4458,6.1495,11.2655,0.9498
2014-09-30,2.4484,6.138,11.3055,0.9554
2014-10-01,2.4746,6.138,11.25,0.9566
2014-10-02,2.4881,6.138,11.215,0.9532
2014-10-03,2.487,6.1385,11.3425,0.967
2014-10-06,2.4086,6.1385,11.245,0.9626
2014-10-07,2.3901,6.1385,11.1795,0.9606
2014-10-08,2.4274,6.1385,11.173,0.9564
2014-10-09,2.3922,6.1299,11.085,0.9545
2014-10-10,2.4096,6.1308,11.0875,0.9568
2014-10-13,2.4019500000000003,6.1279,11.0875,0.9552
2014-10-14,2.3943,6.125,11.0405,0.9536
2014-10-15,2.4393,6.1249,11.064,0.9444
2014-10-16,2.4742,6.123,11.0975,0.9425
2014-10-17,2.4328,6.1238,11.091,0.9468
2014-10-20,2.4555,6.1233,11.018,0.9438
2014-10-21,2.4687,6.1205,10.9925,0.9482
2014-10-22,2.4711,6.118,10.9835,0.953
2014-10-23,2.5029,6.119,10.965,0.9535
2014-10-24,2.4657,6.1168,10.929,0.9514
2014-10-27,2.5429,6.116,10.942,0.9484
2014-10-28,2.4705,6.113,10.8555,0.9463
2014-10-29,2.4349,6.1107,10.8325,0.9452
2014-10-30,2.4058,6.114,10.871,0.9552
2014-10-31,2.4535,6.1124,11.047,0.9623
2014-11-03,2.4964,6.1178,11.0755,0.9655
2014-11-04,2.5178,6.115,11.046,0.9596
2014-11-05,2.507,6.1135,11.14,0.964
2014-11-06,2.5541,6.1117,11.2455,0.9702
2014-11-07,2.5705,6.1225,11.2695,0.9684
2014-11-10,2.5402,6.119,11.252,0.9678
2014-11-11,2.5449,6.12235,11.252,0.9663999999999999
2014-11-12,2.5496,6.1257,11.174,0.965
2014-11-13,2.5922,6.1243,11.2125,0.9634
2014-11-14,2.603,6.129,11.107,0.9616
2014-11-17,2.6016,6.1242,11.115,0.9653
2014-11-18,2.5954,6.1208,11.0245,0.9583
2014-11-19,2.5744,6.119,11.0665,0.9572
2014-11-20,2.5718,6.123,10.9625,0.9596
2014-11-21,2.5247,6.1244,10.936,0.9696
2014-11-24,2.5478,6.1412,11.033,0.9676
2014-11-25,2.53,6.1355,10.9375,0.9645
2014-11-26,2.5006,6.1386,10.9645,0.9614
2014-11-27,2.5362999999999998,6.140750000000001,10.9645,0.9636
2014-11-28,2.572,6.1429,11.0595,0.9658
2014-12-01,2.562,6.1515,10.994,0.9631
2014-12-02,2.5737,6.149,11.121,0.972
2014-12-03,2.5549,6.1499,11.2375,0.9779
2014-12-04,2.5781,6.1541,11.178,0.9674
2014-12-05,2.601,6.1497,11.3435,0.9772
2014-12-08,2.6142,6.1725,11.556,0.9778
2014-12-09,2.5941,6.1855,11.421,0.968
2014-12-10,2.6106,6.1763,11.53,0.968
2014-12-11,2.6445,6.1881,11.63,0.9688
2014-12-12,2.672,6.1864,11.6625,0.962
2014-12-15,2.6917,6.19,11.7455,0.9632
2014-12-16,2.7306,6.189,11.6675,0.9604
2014-12-17,2.691,6.1957,11.624,0.9679
2014-12-18,2.6454,6.2139,11.5605,0.9794
2014-12-19,2.6538,6.2196,11.616,0.9832
2014-12-22,2.6532,6.2213,11.527,0.982
2014-12-23,2.6996,6.2256,11.6355,0.9872
2014-12-24,2.695,6.2148,11.654,0.9865
2014-12-25,2.6957999999999998,6.217266666666667,11.654,0.9869333333333333
2014-12-26,2.6966,6.219733333333333,11.654,0.9873666666666667
2014-12-29,2.6974,6.2222,11.637,0.9878
2014-12-30,2.6605,6.2015,11.565,0.988
2014-12-31,2.6563,6.2046,11.5425,0.9934
2015-01-01,2.6765,6.2046,11.5425,0.9968999999999999
2015-01-02,2.6967,6.2046,11.699,1.0004
2015-01-05,2.7284,6.2201,11.7155,1.0079
2015-01-06,2.7013,6.2125,11.7005,1.0062
2015-01-07,2.7,6.2127,11.7075,1.016
2015-01-08,2.6635,6.2143,11.553,1.0169
2015-01-09,2.6375,6.2085,11.485,1.0151
2015-01-12,2.6673,6.2027,11.526,1.015
2015-01-13,2.6366,6.197,11.51,1.0195
2015-01-14,2.6145,6.1957,11.4405,1.0172
2015-01-15,2.6324,6.187,11.51,0.893
2015-01-16,2.6225,6.2065,11.574,0.8488
2015-01-19,2.6186499999999997,6.210100000000001,11.574,0.86195
2015-01-20,2.6148,6.2137,11.613,0.8751
2015-01-21,2.5982,6.2112,11.524,0.8596
2015-01-22,2.5644,6.2085,11.3765,0.8678
2015-01-23,2.5805,6.2279,11.402,0.876
2015-01-26,2.582,6.2535,11.443,0.8988
2015-01-27,2.5737,6.243,11.541,0.9042
2015-01-28,2.5825,6.2475,11.525,0.9055
2015-01-29,2.6113,6.2463,11.557,0.9226
2015-01-30,2.6843,6.2495,11.651,0.921
2015-02-02,2.7086,6.2594,11.5185,0.9262
2015-02-03,2.7016,6.2573,11.4065,0.9234
2015-02-04,2.7403,6.2472,11.4375,0.9238
2015-02-05,2.7306,6.2516,11.2705,0.9248
2015-02-06,2.7681,6.2417,11.5005,0.9228
2015-02-09,2.7872,6.2467,11.593,0.9258
2015-02-10,2.8304,6.2405,11.704,0.9263
2015-02-11,2.8724,6.2422,11.8645,0.9288
2015-02-12,2.8225,6.244,11.692,0.9283
2015-02-13,2.8273,6.2399,11.63,0.9308
2015-02-16,2.82815,6.247249999999999,11.63,0.9327
2015-02-17,2.829,6.2546,11.631,0.9346
2015-02-18,2.8467,6.2546,11.682,0.9446
2015-02-19,2.8578,6.2546,11.6225,0.9472
2015-02-20,2.8773,6.2546,11.623,0.9419
2015-02-23,2.8688,6.2546,11.625,0.9494
2015-02-24,2.8462,6.2546,11.5385,0.9516
2015-02-25,2.8656,6.2591,11.444,0.9496
2015-02-26,2.8806,6.2584,11.5,0.954
2015-02-27,2.8618,6.2695,11.6865,0.9513
2015-03-02,2.8765,6.272,11.749,0.9553
2015-03-03,2.8967,6.2741,11.766,0.959
2015-03-04,2.979,6.2701,11.823,0.964
2015-03-05,2.9961,6.2658,11.8145,0.9736
2015-03-06,3.0601,6.262,12.0555,0.9846
2015-03-09,3.1015,6.2635,12.091,0.9873
2015-03-10,3.1273,6.2615,12.3335,0.9996
2015-03-11,3.0881,6.2613,12.276,1.0074
2015-03-12,3.1247,6.2614,12.2625,1.0034
2015-03-13,3.2605,6.2585,12.4655,1.0047
2015-03-16,3.2204,6.262,12.42,1.0074
2015-03-17,3.2632,6.249,12.3875,1.004
2015-03-18,3.2747,6.2289,12.3265,0.9952
2015-03-19,3.2931,6.1955,12.3285,0.9921
2015-03-20,3.2206,6.2037,12.04,0.9766
2015-03-23,3.1596,6.2135,11.903,0.9668
2015-03-24,3.1534,6.2046,11.836,0.9586
2015-03-25,3.1609,6.2116,11.855,0.9574
2015-03-26,3.1768,6.2103,11.922,0.9614
2015-03-27,3.2412,6.2145,12.0155,0.9586
2015-03-30,3.2515,6.2065,12.1355,0.9678
2015-03-31,3.1843,6.199,12.1385,0.9712
2015-04-01,3.1547,6.1976,11.961,0.9671
2015-04-02,3.1373,6.1968,11.973,0.9578
2015-04-03,3.12,6.193,11.7765,0.9504
2015-04-06,3.0961,6.193,11.734,0.9524
2015-04-07,3.1105,6.1955,11.8575,0.964
2015-04-08,3.0852,6.202,11.8145,0.9634
2015-04-09,3.0345,6.205,11.904,0.9754
2015-04-10,3.0784,6.2082,11.9935,0.9807
2015-04-13,3.1157,6.2152,12.1095,0.978
2015-04-14,3.0779,6.2113,11.994,0.9712
2015-04-15,3.0571,6.2037,12.172,0.9721
2015-04-16,3.018,6.1947,11.965,0.9584
2015-04-17,3.0639,6.1976,12.067,0.9528
2015-04-20,3.0446,6.2014,12.0945,0.9543
2015-04-21,3.033,6.201,12.112,0.9528
2015-04-22,2.9988,6.1927,12.205,0.9662
2015-04-23,2.9807,6.1975,12.18,0.955
2015-04-24,2.9631,6.193,12.1055,0.9533
2015-04-27,2.9049,6.2185,11.9785,0.9534
2015-04-28,2.9002,6.2035,11.81,0.9538
2015-04-29,2.9393,6.1989,11.7185,0.9358
2015-04-30,3.0121,6.2018,11.9355,0.941
2015-05-01,3.0145,6.2018,12.065,0.934
2015-05-04,3.072,6.2085,12.0455,0.9357
2015-05-05,3.0585,6.2058,12.004,0.9262
2015-05-06,3.0485,6.2001,11.9775,0.915
2015-05-07,3.039,6.2063,12.0405,0.9196
2015-05-08,2.9808,6.2084,11.9215,0.9274
2015-05-11,3.0385,6.2086,12.082,0.9344
2015-05-12,3.0223,6.2086,12.043,0.9266
2015-05-13,3.0265,6.2043,11.876,0.9162
2015-05-14,2.991,6.2013,11.822,0.9146
2015-05-15,2.9779,6.2051,11.7645,0.9174
2015-05-18,3.012,6.2041,11.852,0.923
2015-05-19,3.0175,6.2064,11.913,0.9367
2015-05-20,3.0308,6.2036,11.8705,0.9395
2015-05-21,3.0431,6.1958,11.8395,0.9346
2015-05-22,3.0705,6.1972,11.86,0.9428
2015-05-25,3.1097,6.2005,11.86,0.94655
2015-05-26,3.1489,6.2038,12.079,0.9503
2015-05-27,3.1708,6.2011,12.0775,0.9508
2015-05-28,3.1755,6.2002,12.1655,0.9458
2015-05-29,3.1855,6.198,12.142,0.9404
2015-06-01,3.1655,6.1985,12.253,0.9467
2015-06-02,3.1391,6.198,12.229,0.9343
2015-06-03,3.1103,6.1976,12.2625,0.9336
2015-06-04,3.1446,6.2006,12.3625,0.9342
2015-06-05,3.1604,6.2024,12.5715,0.9436
2015-06-08,3.1226,6.2053,12.54,0.9332
2015-06-09,3.095,6.2047,12.43,0.9295
2015-06-10,3.1013,6.2055,12.3115,0.9292
2015-06-11,3.1419,6.2065,12.337,0.9364
2015-06-12,3.1011,6.2081,12.405,0.926
2015-06-15,3.0958,6.208,12.4025,0.9351
2015-06-16,3.1052,6.2085,12.3815,0.9325
2015-06-17,3.0946,6.2086,12.41,0.9272
2015-06-18,3.0405,6.2075,12.189,0.9196
2015-06-19,3.0887,6.2085,12.1545,0.9206
2015-06-22,3.0833,6.2085,12.1105,0.9188
2015-06-23,3.0913,6.2066,12.1955,0.9336
2015-06-24,3.0884,6.2061,12.1455,0.936
2015-06-25,3.1144,6.2084,12.0845,0.9375
2015-06-26,3.1223,6.208,12.214,0.9351
2015-06-29,3.1403,6.2085,12.274,0.928
2015-06-30,3.1106,6.2,12.145,0.9346
2015-07-01,3.1269,6.2008,12.253,0.9456
2015-07-02,3.111,6.2044,12.27,0.9436
2015-07-03,3.1282,6.20665,12.27,0.9434
2015-07-06,3.1454,6.2089,12.3985,0.9432
2015-07-07,3.1905,6.2097,12.509,0.9482
2015-07-08,3.2319,6.2087,12.5225,0.9458
2015-07-09,3.213,6.2086,12.519,0.9495
2015-07-10,3.1834,6.2092,12.463,0.9411
2015-07-13,3.1507,6.2081,12.446,0.9492
2015-07-14,3.1197,6.2088,12.3375,0.9459
2015-07-15,3.1531,6.2082,12.4355,0.9521
2015-07-16,3.134,6.2094,12.3735,0.9562
2015-07-17,3.1915,6.2085,12.337,0.9608
2015-07-20,3.2123,6.2095,12.435,0.963
2015-07-21,3.1725,6.2095,12.3355,0.959
2015-07-22,3.2232,6.2093,12.4045,0.9613
2015-07-23,3.2862,6.2091,12.4245,0.9581
2015-07-24,3.3302,6.2095,12.614,0.962
2015-07-27,3.356,6.2091,12.6095,0.9597
2015-07-28,3.3941,6.2084,12.566,0.9638
2015-07-29,3.3308,6.2089,12.5105,0.963
2015-07-30,3.3696,6.2096,12.7405,0.9696
2015-07-31,3.4078,6.2097,12.62,0.9636
2015-08-03,3.4487,6.2087,12.687,0.9682
2015-08-04,3.4693,6.2086,12.655,0.9732
2015-08-05,3.4884,6.2096,12.81,0.981
2015-08-06,3.5684,6.2096,12.7405,0.9808
2015-08-07,3.5281,6.2087,12.6275,0.9824
2015-08-10,3.4699,6.2094,12.6735,0.9848
2015-08-11,3.5086,6.3232,12.803,0.9869
2015-08-12,3.4725,6.3845,12.76,0.9691
2015-08-13,3.5147,6.3982,12.8205,0.976
2015-08-14,3.4625,6.3908,12.798,0.978
2015-08-17,3.4728,6.3937,12.8765,0.977
2015-08-18,3.4623,6.3928,12.926,0.9764
2015-08-19,3.5021,6.3956,12.946,0.9702
2015-08-20,3.4617,6.3875,12.8615,0.9621
2015-08-21,3.497,6.3887,12.925,0.9488
2015-08-24,3.5539,6.4029,13.169,0.9347
2015-08-25,3.5456,6.4122,13.046,0.9488
2015-08-26,3.6333,6.4083,13.125,0.9472
2015-08-27,3.5499,6.4053,13.112,0.9631
2015-08-28,3.5938,6.389,13.3185,0.9622
2015-08-31,3.6206,6.376,13.2455,0.9681
2015-09-01,3.6715,6.363,13.398,0.9622
2015-09-02,3.7389,6.3544,13.479,0.969
2015-09-03,3.7546,6.3549,13.525,0.9764
2015-09-04,3.8094,6.3549,13.83,0.9754
2015-09-07,3.80875,6.3603000000000005,13.83,0.9767
2015-09-08,3.8081,6.3657,13.744,0.978
2015-09-09,3.79,6.3768,13.722,0.9767
2015-09-10,3.8587,6.377,13.6425,0.9735
2015-09-11,3.8757,6.3735,13.6175,0.9735
2015-09-14,3.8391,6.3664,13.5195,0.9687
2015-09-15,3.8655,6.3685,13.4655,0.9755
2015-09-16,3.8255,6.3694,13.2715,0.9688
2015-09-17,3.893,6.3645,13.3755,0.971
2015-09-18,3.921,6.3628,13.276,0.9614
2015-09-21,3.9911,6.3676,13.48,0.9702
2015-09-22,4.049,6.375,13.6945,0.9733
2015-09-23,4.1093,6.3836,13.8285,0.978
2015-09-24,4.1638,6.3818,13.934,0.973
2015-09-25,3.9489,6.3737,13.8645,0.976
2015-09-28,4.007,6.3685,13.973,0.9735
2015-09-29,4.0921,6.3621,13.958,0.971
2015-09-30,3.9554,6.3556,13.8155,0.9773
2015-10-01,4.0003,6.3559,13.87,0.9744
2015-10-02,3.9712,6.3559,13.7865,0.9684
2015-10-05,3.8924,6.3559,13.5725,0.9746
2015-10-06,3.8406,6.3559,13.5185,0.9678
2015-10-07,3.8123,6.3559,13.397,0.9716
2015-10-08,3.8295,6.3529,13.373,0.9674
2015-10-09,3.7339,6.345,13.3155,0.9615
2015-10-12,3.7826500000000003,6.34335,13.3155,0.96045
2015-10-13,3.8314,6.3417,13.437,0.9594
2015-10-14,3.8366,6.3462,13.3305,0.9517
2015-10-15,3.842,6.3459,13.0785,0.9489
2015-10-16,3.8527,6.3523,13.108,0.9536
2015-10-19,3.9005,6.3591,13.2755,0.956
2015-10-20,3.8845,6.348,13.2565,0.954
2015-10-21,3.9514,6.3487,13.4925,0.957
2015-10-22,3.9249,6.3577,13.4225,0.971
2015-10-23,3.8964,6.3488,13.655,0.9769
2015-10-26,3.8788,6.3517,13.6025,0.9815
2015-10-27,3.9002,6.3517,13.6605,0.9848
2015-10-28,3.8594,6.3581,13.5495,0.9848
2015-10-29,3.8971,6.3552,13.8335,0.9915
2015-10-30,3.8439,6.318,13.8135,0.9858
2015-11-02,3.8503,6.318,13.7865,0.9853
2015-11-03,3.7578,6.318,13.795,0.9922
2015-11-04,3.7946,6.3357,13.9655,0.9933
2015-11-05,3.7809,6.318,13.9005,0.9964
2015-11-06,3.8055,6.318,14.186,1.0048
2015-11-09,3.7855,6.3619,14.305,1.0017
2015-11-10,3.7978,6.3603,14.2645,1.0076
2015-11-11,3.7938,6.364649999999999,14.2645,1.0045000000000002
2015-11-12,3.7898,6.369,14.2725,1.0014
2015-11-13,3.8235,6.3735,14.3825,1.0088
2015-11-16,3.846,6.37,14.386,1.0079
2015-11-17,3.8123,6.3771,14.286,1.0169
2015-11-18,3.7914,6.3834,14.2005,1.0198
2015-11-19,3.7365,6.3825,14.0085,1.014
2015-11-20,3.7048,6.3835,13.9355,1.0183
2015-11-23,3.7239,6.389,14.083,1.0205
2015-11-24,3.7064,6.3883,13.9835,1.0161
2015-11-25,3.7508,6.3877,14.144,1.022
2015-11-26,3.7622,6.3911,14.144,1.02625
2015-11-27,3.7736,6.3945,14.388,1.0305
2015-11-30,3.8982,6.3883,14.48,1.0282
2015-12-01,3.8491,6.3883,14.4325,1.0296
2015-12-02,3.8633,6.3883,14.375,1.0274
2015-12-03,3.7762,6.3883,14.37,0.9996
2015-12-04,3.7426,6.3883,14.3255,0.9986
2015-12-07,3.7595,6.4081,14.5425,1.0026
2015-12-08,3.8032,6.4162,14.6,0.994
2015-12-09,3.7264,6.427,14.5775,0.9866
2015-12-10,3.7787,6.4363,15.2519,0.9888
2015-12-11,3.8791,6.4538,15.751,0.9828
2015-12-14,3.8972,6.4588,15.1465,0.9823
2015-12-15,3.9,6.46,14.9815,0.9921
2015-12-16,3.9421,6.4723,15.0725,0.9852
2015-12-17,3.9053,6.4822,15.206,0.9987
2015-12-18,3.9336,6.48,15.0435,0.994
2015-12-21,4.0231,6.4793,15.1045,0.9912
2015-12-22,3.998,6.4778,15.1855,0.9866
2015-12-23,3.9672,6.4763,15.1845,0.9938
2015-12-24,3.9358,6.4758,15.274,0.9872
2015-12-25,3.8974,6.4768,15.274,0.9875
2015-12-28,3.859,6.4778,15.2935,0.9878
2015-12-29,3.8917,6.4778,15.2885,0.9924
2015-12-30,3.988,6.4896,15.5795,0.989
2015-12-31,3.9593,6.4778,15.466,1.0017
2016-01-01,4.0103,6.505800000000001,15.466,1.00295
2016-01-04,4.0613,6.5338,15.615,1.0042
2016-01-05,4.0108,6.5219,15.626,1.0096
2016-01-06,4.0163,6.5554,15.7855,1.0084
2016-01-07,4.0504,6.5926,15.974,1.0018
2016-01-08,4.048,6.5932,16.18,0.9972
2016-01-11,4.0464,6.5675,16.8025,1.0
2016-01-12,4.0454,6.57,16.7125,1.003
2016-01-13,3.9893,6.57,16.3905,1.0064
2016-01-14,4.0032,6.5891,16.4305,1.0072
2016-01-15,4.048,6.584,16.8125,0.9984
2016-01-18,4.045,6.581149999999999,16.8125,1.0008
2016-01-19,4.042,6.5783,16.693,1.0032
2016-01-20,4.1103,6.5781,16.8845,1.0032
2016-01-21,4.1299,6.5794,16.5125,1.0112
2016-01-22,4.1061,6.5788,16.4625,1.0148
2016-01-25,4.0887,6.579,16.451,1.0148
2016-01-26,4.0701,6.5814,16.3535,1.0189
2016-01-27,4.0557,6.5773,16.3355,1.0176
2016-01-28,4.0979,6.5744,16.1995,1.0134
2016-01-29,4.0364,6.5752,15.9535,1.0226
2016-02-01,3.9866,6.5778,15.948,1.0202
2016-02-02,3.9885,6.5795,16.1835,1.0181
2016-02-03,3.9478,6.5765,16.14,1.007
2016-02-04,3.8785,6.5638,15.8305,0.9926
2016-02-05,3.9101,6.571,15.9785,0.9938
2016-02-08,3.8979,6.571,16.14,0.9885
2016-02-09,3.8863,6.571,16.0532,0.972
2016-02-10,3.9366,6.571,15.8555,0.9779
2016-02-11,3.9704,6.571,15.82,0.9706
2016-02-12,3.9764,6.571,15.825,0.9768
2016-02-15,4.0164,6.5432,15.825,0.9825999999999999
2016-02-16,4.0564,6.5154,15.705,0.9884
2016-02-17,3.9856,6.527,15.47,0.9926
2016-02-18,4.0191,6.5163,15.37,0.994
2016-02-19,4.0428,6.5202,15.4095,0.9893
2016-02-22,3.933,6.5197,15.183,0.9986
2016-02-23,3.974,6.5263,15.205,0.992
2016-02-24,3.9774,6.529,15.6445,0.986
2016-02-25,3.929,6.532,15.5805,0.9894
2016-02-26,4.012,6.539,16.155,0.9967
2016-02-29,3.9793,6.5525,15.7465,0.996
2016-03-01,3.9475,6.55,15.5465,0.9994
2016-03-02,3.8948,6.5499,15.6055,0.9981
2016-03-03,3.8246,6.5312,15.5825,0.992
2016-03-04,3.728,6.5064,15.3095,0.9926
2016-03-07,3.7745,6.5155,15.283,0.9969
2016-03-08,3.7721,6.5044,15.3825,0.9939
2016-03-09,3.6902,6.5105,15.145,0.9957
2016-03-10,3.6698,6.507,15.3835,0.9857
2016-03-11,3.6166,6.494,15.2005,0.9813
2016-03-14,3.6265,6.4984,15.5555,0.986
2016-03-15,3.7298,6.511,15.945,0.9852
2016-03-16,3.7998,6.5189,16.14,0.9879
2016-03-17,3.6201,6.4745,15.161,0.968
2016-03-18,3.605,6.4682,15.256,0.9682
2016-03-21,3.6064,6.4812,15.156,0.9678
2016-03-22,3.5921,6.4876,15.219,0.9705
2016-03-23,3.6735,6.5035,15.3215,0.9731
2016-03-24,3.7043,6.5124,15.5225,0.9766
2016-03-25,3.7028,6.5131,15.4675,0.978
2016-03-28,3.639,6.5051,15.5755,0.9732
2016-03-29,3.6726,6.5063,15.3655,0.9744
2016-03-30,3.6145,6.4648,14.887,0.9636
2016-03-31,3.55,6.448,14.71,0.9583
2016-04-01,3.541,6.4776,14.735,0.9588
2016-04-04,3.5994,6.4776,14.6805,0.9597
2016-04-05,3.6659,6.476,15.07,0.9572
2016-04-06,3.6538,6.478,15.11,0.9537
2016-04-07,3.7106,6.4599,15.1465,0.9552
2016-04-08,3.6288,6.4628,14.9605,0.9536
2016-04-11,3.516,6.458,14.7055,0.9538
2016-04-12,3.552,6.4639,14.6855,0.9546
2016-04-13,3.5606,6.4768,14.58,0.9651
2016-04-14,3.5035,6.481,14.5225,0.9667
2016-04-15,3.5362,6.473,14.5785,0.967
2016-04-18,3.5977,6.4717,14.481,0.9636
2016-04-19,3.542,6.4571,14.2855,0.9599
2016-04-20,3.5444,6.4675,14.215,0.9671
2016-04-21,3.5444,6.481,14.28,0.9722
2016-04-22,3.5864,6.5004,14.4025,0.9774
2016-04-25,3.5482,6.49,14.5175,0.9742
2016-04-26,3.5269,6.4905,14.3605,0.9713
2016-04-27,3.5375,6.494,14.5055,0.971
2016-04-28,3.4824,6.4735,14.2645,0.9687
2016-04-29,3.4547,6.4738,14.2355,0.9598
2016-05-02,3.505,6.4738,14.3255,0.9556
2016-05-03,3.5652,6.49,14.6085,0.9541
2016-05-04,3.5339,6.4945,14.9215,0.9574
2016-05-05,3.526,6.5032,14.929,0.9686
2016-05-06,3.5255,6.497,14.885,0.9697
2016-05-09,3.556,6.514,15.184,0.9698
2016-05-10,3.4742,6.515,15.1305,0.9746
2016-05-11,3.4594,6.491,15.0265,0.9699
2016-05-12,3.4942,6.514,15.06,0.9693
2016-05-13,3.5075,6.5285,15.3505,0.9756
2016-05-16,3.5034,6.5184,15.6075,0.9772
2016-05-17,3.4942,6.517,15.5215,0.9761
2016-05-18,3.5268,6.537,15.743,0.9822
2016-05-19,3.6051,6.544,15.8805,0.9894
2016-05-20,3.5386,6.5485,15.669,0.992
2016-05-23,3.5753,6.5533,15.7625,0.9919
2016-05-24,3.5518,6.5552,15.615,0.993
2016-05-25,3.6072,6.5538,15.69,0.9908
2016-05-26,3.5775,6.554,15.565,0.9898
2016-05-27,3.6122,6.5615,15.65,0.9916
2016-05-30,3.6098,6.57065,15.65,0.9924999999999999
2016-05-31,3.6074,6.5798,15.715,0.9934
2016-06-01,3.603,6.5748,15.5975,0.9892
2016-06-02,3.5978,6.5815,15.591,0.9902
2016-06-03,3.5332,6.5638,15.101,0.9781
2016-06-06,3.5094,6.5611,14.9605,0.972
2016-06-07,3.4604,6.571,14.876,0.9663
2016-06-08,3.377,6.56,14.7125,0.9594
2016-06-09,3.3934,6.559,14.8345,0.9639
2016-06-10,3.4298,6.559,15.1055,0.9632
2016-06-13,3.4599,6.5823,15.1535,0.9662
2016-06-14,3.4959,6.593,15.3035,0.964
2016-06-15,3.4715,6.5785,15.2525,0.9647
2016-06-16,3.4952,6.5899,15.4485,0.9662
2016-06-17,3.4301,6.5849,15.217,0.961
2016-06-20,3.3937,6.5768,14.8215,0.9616
2016-06-21,3.4038,6.5893,14.7555,0.9596
2016-06-22,3.3794,6.575,14.63,0.9584
2016-06-23,3.344,6.574,14.426,0.9566
2016-06-24,3.3895,6.615,15.0,0.9702
2016-06-27,3.4025,6.6481,15.49,0.9787
2016-06-28,3.3074,6.645,15.218,0.9812
2016-06-29,3.2386,6.635,14.831,0.9794
2016-06-30,3.2003,6.6459,14.7755,0.9792
2016-07-01,3.2448,6.6547,14.5755,0.973
2016-07-04,3.2706,6.66585,14.5755,0.9749
2016-07-05,3.2964,6.677,14.7865,0.9768
2016-07-06,3.3217,6.69,14.7775,0.9778
2016-07-07,3.3436,6.679,14.7,0.9781
2016-07-08,3.2835,6.6878,14.575,0.9843
2016-07-11,3.3095,6.6917,14.436,0.983
2016-07-12,3.274,6.686,14.331,0.9869
2016-07-13,3.2895,6.6832,14.424,0.9834
2016-07-14,3.235,6.6801,14.232,0.9806
2016-07-15,3.2731,6.6865,14.353,0.9834
2016-07-18,3.2523,6.7013,14.2585,0.9822
2016-07-19,3.2754,6.6931,14.332,0.985
2016-07-20,3.2468,6.676,14.338,0.9872
2016-07-21,3.2692,6.6735,14.2245,0.9869
2016-07-22,3.2856,6.676,14.346,0.9888
2016-07-25,3.287,6.6783,14.37,0.9869
2016-07-26,3.277,6.669,14.3635,0.9924
2016-07-27,3.2867,6.668,14.3505,0.9936
2016-07-28,3.2737,6.6538,14.199,0.9806
2016-07-29,3.238,6.6371,13.8875,0.969
2016-08-01,3.265,6.6421,13.9005,0.9671
2016-08-02,3.2521,6.6239,14.0125,0.9643
2016-08-03,3.2595,6.632,13.9645,0.9716
2016-08-04,3.2,6.6388,13.68,0.9738
2016-08-05,3.1873,6.653,13.797,0.9796
2016-08-08,3.1841,6.6597,13.6275,0.9838
2016-08-09,3.1325,6.653,13.4205,0.9826
2016-08-10,3.1292,6.6345,13.3105,0.9759
2016-08-11,3.1369,6.6274,13.321,0.9722
2016-08-12,3.1648,6.6324,13.5175,0.9738
2016-08-15,3.1717,6.637,13.3105,0.9714
2016-08-16,3.1782,6.624,13.306,0.9622
2016-08-17,3.2273,6.6328,13.4905,0.964
2016-08-18,3.229,6.6297,13.35,0.9576
2016-08-19,3.2219,6.6515,13.5065,0.9594
2016-08-22,3.2209,6.6475,13.5705,0.9625
2016-08-23,3.2196,6.6378,13.8,0.9622
2016-08-24,3.236,6.6562,14.19,0.9673
2016-08-25,3.2291,6.656,14.232,0.9684
2016-08-26,3.2085,6.669,14.1205,0.9718
2016-08-29,3.2436,6.6775,14.3925,0.978
2016-08-30,3.2525,6.6778,14.485,0.9822
2016-08-31,3.247,6.6776,14.6985,0.983
2016-09-01,3.246,6.6713,14.6845,0.9792
2016-09-02,3.248,6.679,14.4705,0.9804
2016-09-05,3.23485,6.6756,14.4705,0.9761
2016-09-06,3.2217,6.6722,14.063,0.9718
2016-09-07,3.2223,6.66,14.05,0.9702
2016-09-08,3.1962,6.664,14.113,0.9726
2016-09-09,3.2687,6.6778,14.391,0.977
2016-09-12,3.2762,6.6788,14.39,0.9736
2016-09-13,3.3144,6.6782,14.4735,0.974
2016-09-14,3.3196,6.6707,14.255,0.9708
2016-09-15,3.3274,6.6707,14.1875,0.9714
2016-09-16,3.2923,6.6707,14.2265,0.9794
2016-09-19,3.2565,6.665,14.005,0.9798
2016-09-20,3.2633,6.67,13.855,0.9781
2016-09-21,3.2393,6.6695,13.68,0.9758
2016-09-22,3.2092,6.663,13.6075,0.9678
2016-09-23,3.227,6.669,13.69,0.9702
2016-09-26,3.2345,6.6683,13.675,0.9668
2016-09-27,3.2364,6.6691,13.48,0.9718
2016-09-28,3.2468,6.673,13.6825,0.9724
2016-09-29,3.2276,6.665,13.855,0.9655
2016-09-30,3.2434,6.6685,13.72,0.9694
2016-10-03,3.2333,6.6685,13.645,0.974
2016-10-04,3.2339,6.6685,13.73,0.978
2016-10-05,3.2326,6.6685,13.715,0.977
2016-10-06,3.2309,6.6685,13.855,0.9798
2016-10-07,3.2296,6.6685,13.9325,0.9806
2016-10-10,3.22035,6.69375,13.9325,0.9842
2016-10-11,3.2111,6.719,14.36,0.9878
2016-10-12,3.2111,6.718,14.255,0.9902
2016-10-13,3.199,6.7248,14.2225,0.987
2016-10-14,3.1975,6.7277,14.2475,0.9902
2016-10-17,3.1985,6.735,14.145,0.988
2016-10-18,3.1787,6.7401,13.89,0.9886
2016-10-19,3.1677,6.737,13.86,0.9894
2016-10-20,3.1548,6.7439,13.9125,0.9916
2016-10-21,3.159,6.7654,14.0275,0.9951
2016-10-24,3.1255,6.7728,13.9175,0.992
2016-10-25,3.1142,6.778,13.775,0.994
2016-10-26,3.132,6.7706,13.8775,0.9927
2016-10-27,3.1494,6.7819,13.86,0.994
2016-10-28,3.1833,6.776,13.8325,0.9932
2016-10-31,3.1658,6.7735,13.485,0.989
2016-11-01,3.2342,6.763,13.575,0.979
2016-11-02,3.2364,6.7606,13.51,0.9701
2016-11-03,3.2386,6.7612,13.475,0.9746
2016-11-04,3.2411,6.7534,13.61,0.9682
2016-11-07,3.1978,6.774,13.3425,0.9758
2016-11-08,3.1801,6.784,13.2725,0.9757
2016-11-09,3.2163,6.7769,13.475,0.9812
2016-11-10,3.3653,6.7987,14.0425,0.9878
2016-11-11,3.4069000000000003,6.8217,14.0425,0.9928
2016-11-14,3.4485,6.8447,14.37,0.9978
2016-11-15,3.4479,6.8556,14.2,1.0015
2016-11-16,3.4198,6.877,14.295,1.0019
2016-11-17,3.4134,6.8674,14.305,1.0048
2016-11-18,3.3894,6.8873,14.38,1.0094
2016-11-21,3.3585,6.8918,14.2675,1.0112
2016-11-22,3.3595,6.888,14.1325,1.01
2016-11-23,3.3945,6.9195,14.2025,1.0156
2016-11-24,3.4086999999999996,6.91855,14.2025,1.0146000000000002
2016-11-25,3.4229,6.9176,14.105,1.0136
2016-11-28,3.3871,6.9055,13.7325,1.0158
2016-11-29,3.4011,6.8933,13.88,1.0132
2016-11-30,3.3854,6.8837,14.0775,1.0187
2016-12-01,3.4717,6.883,14.075,1.0126
2016-12-02,3.4576,6.883,13.8825,1.011
2016-12-05,3.4314,6.8775,13.7725,1.0103
2016-12-06,3.4269,6.879,13.5975,1.0093
2016-12-07,3.3977,6.878,13.52,1.0065
2016-12-08,3.3798,6.8771,13.65,1.0154
2016-12-09,3.3595,6.9042,13.765,1.0184
2016-12-12,3.3505,6.9045,13.645,1.0157
2016-12-13,3.3308,6.8984,13.6375,1.0118
2016-12-14,3.3332,6.9025,13.6725,1.0099
2016-12-15,3.3933,6.941,14.1025,1.0334
2016-12-16,3.386,6.958,14.075,1.0258
2016-12-19,3.3725,6.9506,14.0925,1.0226
2016-12-20,3.3631,6.947,14.015,1.0282
2016-12-21,3.3335,6.939,13.9385,1.0262
2016-12-22,3.3153,6.9473,14.0305,1.0246
2016-12-23,3.2687,6.9432,14.0081,1.0268
2016-12-26,3.27435,6.946149999999999,14.0081,1.0276
2016-12-27,3.28,6.9491,13.9325,1.0284
2016-12-28,3.283,6.9559,13.8575,1.0313
2016-12-29,3.2456,6.9535,13.6225,1.023
2016-12-30,3.2532,6.943,13.7,1.016
2017-01-02,3.2529000000000003,6.95025,13.7,1.0213
2017-01-03,3.2526,6.9575,13.78,1.0266
2017-01-04,3.2139,6.9322,13.6275,1.0228
2017-01-05,3.2051,6.887,13.5575,1.0107
2017-01-06,3.2113,6.9176,13.715,1.015
2017-01-09,3.1916,6.935,13.6325,1.0148
2017-01-10,3.1971,6.918,13.6725,1.0158
2017-01-11,3.2024,6.9365,13.8375,1.0203
2017-01-12,3.1821,6.889,13.4675,1.0066
2017-01-13,3.2077,6.8985,13.4425,1.0098
2017-01-16,3.2077,6.87525,13.4425,1.0063
2017-01-17,3.2077,6.852,13.495,1.0028
2017-01-18,3.2242,6.836,13.505,1.0028
2017-01-19,3.2024,6.868,13.6,1.0094
2017-01-20,3.18545,6.8597,13.6,1.0042
2017-01-23,3.1685,6.8514,13.5,0.999
2017-01-24,3.1695,6.8555,13.3375,0.9998
2017-01-25,3.1697,6.8812,13.2625,0.9996
2017-01-26,3.1892,6.8768,13.3825,1.0011
2017-01-27,3.1537,6.8768,13.49,0.9992
2017-01-30,3.1152,6.8768,13.535,0.9976
2017-01-31,3.1477,6.8768,13.5075,0.9888
2017-02-01,3.153,6.8768,13.425,0.993
2017-02-02,3.1245,6.8768,13.3675,0.9894
2017-02-03,3.1157,6.865,13.23,0.991
2017-02-06,3.1181,6.86,13.4,0.9934
2017-02-07,3.1235,6.8821,13.4175,0.997
2017-02-08,3.119,6.87,13.3875,0.9934
2017-02-09,3.1291,6.866,13.3925,1.0013
2017-02-10,3.1092,6.8775,13.38,1.0028
2017-02-13,3.1106,6.8776,13.3125,1.0054
2017-02-14,3.1074,6.8649,13.1625,1.0072
2017-02-15,3.0557,6.8685,12.9625,1.0062
2017-02-16,3.0744,6.8517,13.05,0.9992
2017-02-17,3.1038,6.864,13.0975,1.0022
2017-02-20,3.0985,6.8725000000000005,13.0975,1.00525
2017-02-21,3.0932,6.881,13.12,1.0083
2017-02-22,3.0778,6.8765,13.065,1.0109
2017-02-23,3.0645,6.8622,12.8975,1.0062
2017-02-24,3.1123,6.8645,12.9275,1.0055
2017-02-27,3.1085,6.8675,12.925,1.0051
2017-02-28,3.1085,6.8665,13.1,1.0022
2017-03-01,3.1028,6.8794,13.0325,1.0072
2017-03-02,3.1264,6.8868,13.1,1.012
2017-03-03,3.1385,6.8954,13.09,1.0118
2017-03-06,3.1218,6.8955,13.0,1.0114
2017-03-07,3.1222,6.9,12.955,1.013
2017-03-08,3.1527,6.9113,13.0975,1.0146
2017-03-09,3.1684,6.9086,13.29,1.0131
2017-03-10,3.1552,6.905,13.215,1.0104
2017-03-13,3.1524,6.905,13.1125,1.0068
2017-03-14,3.159,6.913,13.14,1.0078
2017-03-15,3.1576,6.9132,13.0275,1.008
2017-03-16,3.1194,6.913,12.7375,0.9953
2017-03-17,3.106,6.9,12.7425,0.9978
2017-03-20,3.0812,6.905,12.63,0.9966
2017-03-21,3.084,6.883,12.615,0.9936
2017-03-22,3.0863,6.8785,12.56,0.99
2017-03-23,3.1348,6.8843,12.495,0.9924
2017-03-24,3.1144,6.8803,12.43,0.991
2017-03-27,3.1197,6.8687,12.7425,0.983
2017-03-28,3.1298,6.8779,12.9,0.985
2017-03-29,3.1175,6.8879,13.025,0.9966
2017-03-30,3.1203,6.887,12.8075,0.9969
2017-03-31,3.1628,6.8832,13.4225,0.9998
2017-04-03,3.1183,6.8832,13.705,1.0029
2017-04-04,3.1147,6.8832,13.5375,1.0022
2017-04-05,3.0932,6.892,13.7525,1.005
2017-04-06,3.1087,6.8955,13.77,1.0046
2017-04-07,3.1258,6.8978,13.77,1.0066
2017-04-10,3.1443,6.8988,13.9025,1.0077
2017-04-11,3.1456,6.8893,13.8275,1.0072
2017-04-12,3.1519,6.889,13.6225,1.0054
2017-04-13,3.1309,6.8865,13.4225,1.0047
2017-04-14,3.1445,6.8835,13.415,1.0038
2017-04-17,3.1036,6.88,13.295,1.0022
2017-04-18,3.0997,6.8778,13.285,0.9978
2017-04-19,3.1399,6.886,13.3025,0.9986
2017-04-20,3.1466,6.88,13.1875,0.996
2017-04-21,3.1475,6.8845,13.1575,0.9987
2017-04-24,3.1254,6.884,12.985,0.9964
2017-04-25,3.1669,6.8824,13.0875,0.9925
2017-04-26,3.1961,6.8918,13.2825,0.9957
2017-04-27,3.1867,6.8958,13.3725,0.9948
2017-04-28,3.1896,6.89,13.335,0.9944
2017-05-01,3.176,6.89,13.375,0.9955
2017-05-02,3.1685,6.8949,13.285,0.9913
2017-05-03,3.1443,6.8968,13.3525,0.9913
2017-05-04,3.1823,6.8959,13.615,0.989
2017-05-05,3.1703,6.9021,13.4775,0.9876
2017-05-08,3.2003,6.904,13.6,0.9979
2017-05-09,3.1818,6.906,13.59,1.0074
2017-05-10,3.1531,6.9011,13.45,1.0088
2017-05-11,3.1494,6.9033,13.33,1.0061
2017-05-12,3.1207,6.8972,13.375,1.0008
2017-05-15,3.1049,6.89,13.16,0.9964
2017-05-16,3.0903,6.884,13.0925,0.9878
2017-05-17,3.1015,6.8773,13.1675,0.9808
2017-05-18,3.3823,6.888,13.41,0.9763
2017-05-19,3.2745,6.883,13.2225,0.9754
2017-05-22,3.2952,6.8828,13.2175,0.9736
2017-05-23,3.2729,6.888,13.105,0.974
2017-05-24,3.2747,6.8883,12.9525,0.9769
2017-05-25,3.288,6.8672,12.875,0.972
2017-05-26,3.2575,6.8525,12.87,0.9753
2017-05-29,3.2613,6.8525,12.87,0.97485
2017-05-30,3.2651,6.8525,13.1125,0.9744
2017-05-31,3.2405,6.8098,13.1725,0.9684
2017-06-01,3.2398,6.8029,12.9775,0.9712
2017-06-02,3.2391,6.8085,12.8,0.9642
2017-06-05,3.2896,6.803,12.685,0.9657
2017-06-06,3.2813,6.7945,12.8325,0.9628
2017-06-07,3.279,6.7935,12.8275,0.9657
2017-06-08,3.2822,6.799,12.8975,0.9675
2017-06-09,3.2793,6.797,12.8525,0.97
2017-06-12,3.3097,6.7974,12.83,0.9688
2017-06-13,3.3125,6.7981,12.8,0.9692
2017-06-14,3.2762,6.7888,12.5925,0.9662
2017-06-15,3.274,6.8061,12.8725,0.9749
2017-06-16,3.2898,6.8097,12.815,0.9739
2017-06-19,3.2908,6.818,12.955,0.9745
2017-06-20,3.3292,6.8285,13.065,0.9759
2017-06-21,3.3283,6.8275,13.0425,0.9744
2017-06-22,3.3301,6.8275,12.98,0.9728
2017-06-23,3.3281,6.8345,12.9175,0.9692
2017-06-26,3.3106,6.8382,12.85,0.9706
2017-06-27,3.3195,6.81,12.96,0.9638
2017-06-28,3.2977,6.7984,12.955,0.9608
2017-06-29,3.3062,6.784,13.0325,0.9569
2017-06-30,3.3057,6.7793,13.0925,0.9586
2017-07-03,3.3,6.7984,13.2225,0.9632
2017-07-04,3.3080999999999996,6.79895,13.2225,0.9642
2017-07-05,3.3162,6.7995,13.4,0.9652
2017-07-06,3.3048,6.799,13.45,0.9634
2017-07-07,3.2843,6.8039,13.425,0.9644
2017-07-10,3.2627,6.8026,13.43,0.9658
2017-07-11,3.2505,6.801,13.595,0.9672
2017-07-12,3.2258,6.7865,13.235,0.9648
2017-07-13,3.2133,6.7825,13.2525,0.9685
2017-07-14,3.1832,6.7741,13.0275,0.9654
2017-07-17,3.181,6.769,12.91,0.9627
2017-07-18,3.1571,6.7451,12.905,0.9526
2017-07-19,3.1526,6.7511,12.92,0.9548
2017-07-20,3.1374,6.757,13.005,0.9507
2017-07-21,3.1218,6.7663,12.9425,0.9468
2017-07-24,3.1473,6.7488,12.965,0.9456
2017-07-25,3.1617,6.7495,13.025,0.9496
2017-07-26,3.1596,6.753,13.0275,0.958
2017-07-27,3.1527,6.741,13.025,0.9656
2017-07-28,3.1424,6.7362,13.0225,0.9685
2017-07-31,3.1338,6.724,13.2225,0.965
2017-08-01,3.1143,6.717,13.215,0.9655
2017-08-02,3.1165,6.72,13.21,0.9684
2017-08-03,3.1209,6.715,13.3925,0.969
2017-08-04,3.1176,6.7272,13.46,0.9721
2017-08-07,3.1247,6.7207,13.27,0.9728
2017-08-08,3.1295,6.7049,13.2,0.9766
2017-08-09,3.1498,6.672,13.455,0.9649
2017-08-10,3.1518,6.646,13.355,0.9647
2017-08-11,3.1639,6.6612,13.47,0.962
2017-08-14,3.176,6.6695,13.2975,0.9714
2017-08-15,3.1942,6.6845,13.3075,0.9718
2017-08-16,3.1635,6.69,13.21,0.9744
2017-08-17,3.1585,6.673,13.1825,0.9633
2017-08-18,3.1548,6.67,13.1525,0.9642
2017-08-21,3.1436,6.663,13.155,0.9629
2017-08-22,3.1505,6.66,13.21,0.9668
2017-08-23,3.1521,6.6569,13.2075,0.9667
2017-08-24,3.1428,6.66,13.2,0.9646
2017-08-25,3.1463,6.6465,13.0325,0.9574
2017-08-28,3.1577,6.6084,13.0425,0.9554
2017-08-29,3.1656,6.5945,12.945,0.948
2017-08-30,3.1592,6.5918,12.98,0.9583
2017-08-31,3.1454,6.5888,12.9925,0.961
2017-09-01,3.1308,6.5552,12.925,0.9626
2017-09-04,3.1269,6.54485,12.925,0.9601500000000001
2017-09-05,3.123,6.5345,12.895,0.9577
2017-09-06,3.1085,6.5221,12.7625,0.9537
2017-09-07,3.099,6.483,12.855,0.9498
2017-09-08,3.0942,6.4773,12.92,0.9456
2017-09-11,3.089,6.5254,12.9525,0.9533
2017-09-12,3.1093,6.5334,12.9975,0.9596
2017-09-13,3.1372,6.54,13.155,0.9639
2017-09-14,3.129,6.552,13.16,0.966
2017-09-15,3.1263,6.55,13.16,0.9594
2017-09-18,3.1288,6.5725,13.2875,0.963
2017-09-19,3.132,6.58,13.3325,0.9628
2017-09-20,3.1198,6.57,13.2325,0.9617
2017-09-21,3.1358,6.5861,13.2575,0.9692
2017-09-22,3.1257,6.5899,13.19,0.9694
2017-09-25,3.1496,6.6189,13.35,0.9682
2017-09-26,3.1703,6.6371,13.3875,0.9706
2017-09-27,3.1915,6.64,13.5375,0.9745
2017-09-28,3.1865,6.6591,13.5275,0.971
2017-09-29,3.164,6.6533,13.51,0.9688
2017-10-02,3.1585,6.6533,13.59,0.9737
2017-10-03,3.1428,6.6533,13.66,0.9734
2017-10-04,3.1237,6.6533,13.59,0.9756
2017-10-05,3.1359,6.6533,13.6325,0.9792
2017-10-06,3.1566,6.6533,13.73,0.9777
2017-10-09,3.1656500000000003,6.6122499999999995,13.73,0.9760500000000001
2017-10-10,3.1747,6.5712,13.6425,0.9744
2017-10-11,3.1649,6.587,13.555,0.9732
2017-10-12,3.1699,6.5855,13.4575,0.976
2017-10-13,3.1542,6.5785,13.26,0.9745
2017-10-16,3.1642,6.5885,13.2775,0.9735
2017-10-17,3.1803,6.622,13.425,0.9804
2017-10-18,3.1777,6.625,13.5675,0.9817
2017-10-19,3.1753,6.6126,13.5375,0.9751
2017-10-20,3.1875,6.6185,13.675,0.9844
2017-10-23,3.2122,6.638,13.735,0.9862
2017-10-24,3.2508,6.6335,13.735,0.989
2017-10-25,3.2519,6.635,14.07,0.9888
2017-10-26,3.253,6.6392,14.1725,0.995
2017-10-27,3.2731,6.6498,14.1725,0.999
2017-10-30,3.2599,6.6498,14.03,0.9969
2017-10-31,3.2705,6.6328,14.1325,0.9968
2017-11-01,3.2697,6.6018,14.08,1.0014
2017-11-02,3.2671,6.6068,14.0175,0.9977
2017-11-03,3.3075,6.636,14.215,1.0002
2017-11-06,3.2782,6.6311,14.1525,0.999
2017-11-07,3.2776,6.638,14.235,0.9996
2017-11-08,3.256,6.6249,14.1205,0.9997
2017-11-09,3.2513,6.6378,14.2525,0.9958
2017-11-10,3.27265,6.6381499999999996,14.2525,0.99665
2017-11-13,3.294,6.6385,14.4925,0.9975
2017-11-14,3.3031,6.635,14.3875,0.9914
2017-11-15,3.3132,6.62,14.395,0.9902
2017-11-16,3.2756,6.6273,14.185,0.9926
2017-11-17,3.2629,6.6245,13.97,0.9882
2017-11-20,3.2573,6.6245,14.045,0.9923
2017-11-21,3.2447,6.6265,13.965,0.9916
2017-11-22,3.2347,6.6086,13.8725,0.9838
2017-11-23,3.2287,6.6042000000000005,13.8725,0.9813000000000001
2017-11-24,3.2227,6.5998,13.8575,0.9788
2017-11-27,3.2247,6.5967,13.7375,0.9804
2017-11-28,3.2055,6.6044,13.595,0.9831
2017-11-29,3.2285,6.6091,13.6375,0.9837
2017-11-30,3.2843,6.609,13.6425,0.9838
2017-12-01,3.2577,6.6137,13.7225,0.9762
2017-12-04,3.2498,6.6185,13.5725,0.9858
2017-12-05,3.2338,6.617,13.47,0.9868
2017-12-06,3.2394,6.6136,13.53,0.9904
2017-12-07,3.2993,6.6173,13.6375,0.9921
2017-12-08,3.3075,6.6199,13.6575,0.9928
2017-12-11,3.2883,6.6175,13.5675,0.99
2017-12-12,3.3298,6.621,13.695,0.9926
2017-12-13,3.3049,6.6171,13.525,0.9894
2017-12-14,3.3396,6.6091,13.4775,0.99
2017-12-15,3.3166,6.6088,13.185,0.9903
2017-12-18,3.2821,6.6088,12.595,0.9856
2017-12-19,3.3008,6.6088,12.725,0.9857
2017-12-20,3.2907,6.5771,12.5875,0.9859
2017-12-21,3.3065,6.5833,12.73,0.989
2017-12-22,3.3209,6.575,12.605,0.9898
2017-12-25,3.3190999999999997,6.55895,12.605,0.9894499999999999
2017-12-26,3.3173,6.5429,12.505,0.9891
2017-12-27,3.3016,6.556,12.3,0.987
2017-12-28,3.3005,6.5322,12.3725,0.9774
2017-12-29,3.3121,6.5063,12.375,0.9738
2018-01-01,3.28705,6.49865,12.375,0.9728
2018-01-02,3.262,6.491,12.44,0.9718
2018-01-03,3.2422,6.501,12.34,0.9762
2018-01-04,3.2274,6.4915,12.31,0.9753
2018-01-05,3.2285,6.4875,12.34,0.9752
2018-01-08,3.2308,6.497,12.385,0.9762
2018-01-09,3.2491,6.5263,12.38,0.9832
2018-01-10,3.2363,6.5055,12.495,0.978
2018-01-11,3.2254,6.4956,12.455,0.9748
2018-01-12,3.2162,6.4607,12.42,0.9713
2018-01-15,3.2218,6.4501,12.42,0.96655
2018-01-16,3.2274,6.4395,12.265,0.9618
2018-01-17,3.2215,6.433,12.2775,0.9616
2018-01-18,3.2169,6.4175,12.1175,0.9586
2018-01-19,3.205,6.399,12.215,0.9612
2018-01-22,3.2024,6.4035,12.09,0.9636
2018-01-23,3.2312,6.4,12.08,0.9598
2018-01-24,3.1938,6.365,11.9275,0.9452
2018-01-25,3.147,6.3189,11.8525,0.9357
2018-01-26,3.1499,6.3199,11.885,0.9342
2018-01-29,3.1634,6.3328,11.97,0.938
2018-01-30,3.1874,6.3199,11.9625,0.9355
2018-01-31,3.1782,6.2841,11.89,0.9321
2018-02-01,3.1718,6.2969,11.84,0.9288
2018-02-02,3.2205,6.2984,12.04,0.932
2018-02-05,3.2365,6.285,12.03,0.9366
2018-02-06,3.2535,6.283,12.005,0.9368
2018-02-07,3.262,6.2649,11.965,0.9438
2018-02-08,3.2895,6.3222,12.1325,0.9386
2018-02-09,3.3083,6.2966,12.0525,0.9393
2018-02-12,3.2949,6.325,11.91,0.9392
2018-02-13,3.2947,6.338,11.94,0.9335
2018-02-14,3.2551,6.3438,11.7425,0.9319
2018-02-15,3.2318,6.3438,11.66,0.9232
2018-02-16,3.2219,6.3438,11.6125,0.9258
2018-02-19,3.23265,6.339449999999999,11.6125,0.9306
2018-02-20,3.2434,6.3351,11.725,0.9354
2018-02-21,3.2581,6.3351,11.6325,0.9375
2018-02-22,3.2579,6.3471,11.67,0.9345
2018-02-23,3.2344,6.3329,11.55,0.9356
2018-02-26,3.2381,6.3115,11.615,0.9388
2018-02-27,3.2472,6.3169,11.7075,0.9398
2018-02-28,3.2428,6.328,11.78,0.943
2018-03-01,3.2421,6.3565,11.8825,0.9461
2018-03-02,3.2513,6.3428,11.9575,0.9378
2018-03-05,3.2527,6.3491,11.84,0.9397
2018-03-06,3.2191,6.3093,11.77,0.9385
2018-03-07,3.2364,6.3225,11.8725,0.9426
2018-03-08,3.262,6.3389,11.9075,0.9499
2018-03-09,3.2469,6.3285,11.81,0.9493
2018-03-12,3.2609,6.327,11.8275,0.9489
2018-03-13,3.2483,6.318,11.7725,0.9437
2018-03-14,3.2641,6.314,11.775,0.9461
2018-03-15,3.2841,6.3202,11.87,0.9502
2018-03-16,3.2897,6.33,11.9925,0.9532
2018-03-19,3.2873,6.3291,12.0625,0.9509
2018-03-20,3.295,6.3328,11.9575,0.9549
2018-03-21,3.2865,6.32,11.9075,0.954
2018-03-22,3.3034,6.331,11.88,0.9491
2018-03-23,3.3125,6.311,11.755,0.9465
2018-03-26,3.3043,6.2685,11.665,0.9442
2018-03-27,3.3263,6.2781,11.6275,0.9474
2018-03-28,3.337,6.2946,11.73,0.9538
2018-03-29,3.3229,6.2876,11.85,0.956
2018-03-30,3.3045,6.2726,11.815,0.9532
2018-04-02,3.3149,6.2785,11.8525,0.9558
2018-04-03,3.3222,6.2881,11.82,0.959
2018-04-04,3.3474,6.3045,11.905,0.9595
2018-04-05,3.3212,6.3045,11.9675,0.9633
2018-04-06,3.3702,6.3045,12.05,0.9602
2018-04-09,3.395,6.3035,12.0775,0.9574
2018-04-10,3.4146,6.2798,12.05,0.9574
2018-04-11,3.3955,6.2655,11.985,0.9578
2018-04-12,3.3902,6.2876,12.015,0.9625
2018-04-13,3.4088,6.2725,12.085,0.9631
2018-04-16,3.4282,6.2752,12.0575,0.9596
2018-04-17,3.4022,6.2804,11.9775,0.9666
2018-04-18,3.3844,6.2722,11.935,0.967
2018-04-19,3.4028,6.2765,11.98,0.9714
2018-04-20,3.4121,6.2945,12.0875,0.9744
2018-04-23,3.4463,6.3158,12.315,0.9776
2018-04-24,3.4685,6.3035,12.3325,0.9804
2018-04-25,3.509,6.3236,12.4625,0.9828
2018-04-26,3.4992,6.334,12.44,0.988
2018-04-27,3.4685,6.3325,12.3675,0.9884
2018-04-30,3.4854,6.3325,12.4775,0.9911
2018-05-01,3.507,6.3325,12.62,0.9954
2018-05-02,3.5404,6.361,12.6625,0.9975
2018-05-03,3.5496,6.352,12.675,0.9978
2018-05-04,3.5213,6.3589,12.52,1.0005
2018-05-07,3.5543,6.364,12.5325,1.0023
2018-05-08,3.585,6.369,12.6275,1.0016
2018-05-09,3.5965,6.3585,12.59,1.0042
2018-05-10,3.5554,6.344,12.3375,1.0036
2018-05-11,3.5879,6.3333,12.275,0.9996
2018-05-14,3.6212,6.336,12.265,0.9976
2018-05-15,3.6659,6.376,12.545,0.9998
2018-05-16,3.68,6.3706,12.4375,1.0004
2018-05-17,3.7073,6.3645,12.58,1.0014
2018-05-18,3.7438,6.3768,12.72,0.997
2018-05-21,3.7096,6.3815,12.7,0.9978
2018-05-22,3.6367,6.366,12.525,0.9924
2018-05-23,3.6411,6.3875,12.535,0.9952
2018-05-24,3.6402,6.3757,12.4375,0.9916
2018-05-25,3.6586,6.3903,12.4575,0.9912
2018-05-28,3.69345,6.40325,12.4575,0.9918
2018-05-29,3.7283,6.4162,12.6275,0.9924
2018-05-30,3.7389,6.4175,12.515,0.989
2018-05-31,3.7262,6.4096,12.6825,0.9844
2018-06-01,3.755,6.418,12.64,0.9867
2018-06-04,3.7446,6.405,12.5675,0.9884
2018-06-05,3.778,6.4042,12.7625,0.986
2018-06-06,3.8178,6.385,12.7,0.9844
2018-06-07,3.9294,6.389,12.945,0.9822
2018-06-08,3.7429,6.4031,13.095,0.986
2018-06-11,3.6839,6.4,13.1169,0.9848
2018-06-12,3.6745,6.3992,13.2405,0.9841
2018-06-13,3.7116,6.3944,13.2424,0.9844
2018-06-14,3.7018,6.398,13.3075,0.9942
2018-06-15,3.7511,6.4379,13.375,0.9962
2018-06-18,3.7537,6.4379,13.705,0.9952
2018-06-19,3.7306,6.4802,13.705,0.9951
2018-06-20,3.7349,6.4713,13.6,0.9956
2018-06-21,3.7992,6.49,13.645,0.9921
2018-06-22,3.7708,6.5027,13.43,0.9902
2018-06-25,3.7776,6.536,13.6025,0.9874
2018-06-26,3.7705,6.5759,13.5325,0.9901
2018-06-27,3.8537,6.5992,13.84,0.9962
2018-06-28,3.8543,6.6235,13.825,0.9979
2018-06-29,3.8561,6.6171,13.7125,0.9922
2018-07-02,3.9135,6.6632,13.8925,0.9946
2018-07-03,3.8789,6.6368,13.6875,0.9922
2018-07-04,3.90155,6.6354500000000005,13.6875,0.9923
2018-07-05,3.9242,6.6341,13.57,0.9924
2018-07-06,3.906,6.6396,13.49,0.9901
2018-07-09,3.8694,6.6123,13.38,0.992
2018-07-10,3.826,6.6296,13.3375,0.9926
2018-07-11,3.8624,6.6764,13.4925,0.9932
2018-07-12,3.8478,6.663,13.23,1.0009
2018-07-13,3.8659,6.69,13.2825,1.0028
2018-07-16,3.8534,6.6866,13.22,0.9974
2018-07-17,3.8626,6.7018,13.235,0.9992
2018-07-18,3.8412,6.7161,13.2575,0.9994
2018-07-19,3.8808,6.7701,13.53,1.0016
2018-07-20,3.7801,6.7659,13.43,0.9944
2018-07-23,3.7965,6.7927,13.515,0.9927
2018-07-24,3.7381,6.7912,13.3225,0.9944
2018-07-25,3.7075,6.7658,13.175,0.9942
2018-07-26,3.7285,6.7865,13.245,0.9938
2018-07-27,3.7134,6.8097,13.1775,0.994
2018-07-30,3.7228,6.8102,13.1425,0.9885
2018-07-31,3.745,6.8038,13.095,0.9895
2018-08-01,3.753,6.8154,13.2225,0.9923
2018-08-02,3.7555,6.838,13.3875,0.9943
2018-08-03,3.7133,6.8309,13.285,0.9926
2018-08-06,3.7208,6.85,13.3925,0.9963
2018-08-07,3.7128,6.828,13.305,0.9944
2018-08-08,3.7442,6.8344,13.405,0.9943
2018-08-09,3.8164,6.8199,13.6625,0.9906
2018-08-10,3.8539,6.8458,14.065,0.9954
2018-08-13,3.9123,6.888,14.3675,0.9934
2018-08-14,3.8852,6.8809,14.2525,0.993
2018-08-15,3.9135,6.933,14.61,0.9942
2018-08-16,3.8985,6.8792,14.575,0.9962
2018-08-17,3.9385,6.874,14.7775,0.9948
2018-08-20,3.9473,6.8546,14.6125,0.9943
2018-08-21,3.9948,6.8444,14.3425,0.9876
2018-08-22,4.0751,6.84,14.1825,0.9836
2018-08-23,4.0898,6.8748,14.315,0.9848
2018-08-24,4.0944,6.803,14.2825,0.9824
2018-08-27,4.0707,6.8145,14.135,0.9802
2018-08-28,4.1248,6.8018,14.12,0.9752
2018-08-29,4.122,6.819,14.3425,0.9732
2018-08-30,4.2016,6.8415,14.7675,0.9709
2018-08-31,4.128,6.83,14.7,0.9698
2018-09-03,4.1419999999999995,6.8363499999999995,14.7,0.97255
2018-09-04,4.156,6.8427,15.305,0.9753
2018-09-05,4.1589,6.827,15.4725,0.9716
2018-09-06,4.1462,6.8322,15.3,0.9682
2018-09-07,4.0594,6.8419,15.1425,0.9684
2018-09-10,4.1094,6.8545,15.2,0.974
2018-09-11,4.1564,6.8704,15.125,0.9737
2018-09-12,4.1363,6.8574,14.97,0.9704
2018-09-13,4.1752,6.8407,14.815,0.968
2018-09-14,4.1852,6.8673,14.9175,0.9665
2018-09-17,4.1718,6.854,14.91,0.962
2018-09-18,4.1277,6.8591,14.8275,0.962
2018-09-19,4.116,6.8466,14.6225,0.967
2018-09-20,4.0834,6.8455,14.3725,0.9624
2018-09-21,4.0536,6.8559,14.3,0.9593
2018-09-24,4.0733,6.8559,14.2425,0.962
2018-09-25,4.1186,6.8632,14.375,0.9646
2018-09-26,4.0425,6.8763,14.16,0.9681
2018-09-27,3.9968,6.888,14.045,0.9776
2018-09-28,3.9995,6.868,14.155,0.9758
2018-10-01,4.0059,6.868,14.2,0.984
2018-10-02,3.9223,6.868,14.33,0.9844
2018-10-03,3.8806,6.868,14.45,0.9894
2018-10-04,3.9229,6.868,14.7875,0.9925
2018-10-05,3.8808,6.868,14.845,0.9922
2018-10-08,3.8064,6.89485,14.845,0.9924999999999999
2018-10-09,3.732,6.9217,14.6625,0.9928
2018-10-10,3.7594,6.9224,14.62,0.9908
2018-10-11,3.7591,6.888,14.63,0.992
2018-10-12,3.7825,6.9182,14.585,0.9916
2018-10-15,3.7214,6.9131,14.3625,0.9868
2018-10-16,3.7177,6.9102,14.175,0.9894
2018-10-17,3.6813,6.9263,14.14,0.9926
2018-10-18,3.705,6.9367,14.3875,0.994
2018-10-19,3.7121,6.9291,14.4025,0.9968
2018-10-22,3.685,6.9446,14.2825,0.9963
2018-10-23,3.704,6.9373,14.3675,0.9943
2018-10-24,3.7188,6.942,14.49,0.9982
2018-10-25,3.6887,6.9477,14.5275,1.0009
2018-10-26,3.6695,6.9425,14.5625,0.998
2018-10-29,3.667,6.9605,14.5225,1.0006
2018-10-30,3.7156,6.9663,14.6225,1.0046
2018-10-31,3.7129,6.9737,14.76,1.0057
2018-11-01,3.699,6.9205,14.505,1.0033
2018-11-02,3.6965,6.8894,14.38,1.0036
2018-11-05,3.7155,6.9249,14.2225,1.0055
2018-11-06,3.7509,6.9172,14.165,1.0042
2018-11-07,3.7595,6.9174,13.9275,0.9998
2018-11-08,3.7563,6.9318,14.075,1.0033
2018-11-09,3.751,6.9553,14.35,1.0062
2018-11-12,3.77465,6.95495,14.35,1.00725
2018-11-13,3.7983,6.9546,14.4425,1.0083
2018-11-14,3.7831,6.95,14.3575,1.0067
2018-11-15,3.784,6.938,14.225,1.0058
2018-11-16,3.7424,6.9367,14.03,1.0012
2018-11-19,3.7671,6.9398,14.0375,0.9938
2018-11-20,3.7567,6.9448,14.09,0.9944
2018-11-21,3.779,6.9248,13.8675,0.9952
2018-11-22,3.79975,6.93625,13.8675,0.9964
2018-11-23,3.8205,6.9477,13.85,0.9976
2018-11-26,3.879,6.9397,13.88,0.9984
2018-11-27,3.8919,6.9498,13.9775,0.9998
2018-11-28,3.8766,6.9534,13.935,0.9994
2018-11-29,3.8546,6.9419,13.645,0.9966
2018-11-30,3.8571,6.9558,13.84,0.9987
2018-12-03,3.8353,6.8798,13.6725,0.9975
2018-12-04,3.8368,6.8343,13.745,0.9975
2018-12-05,3.86975,6.85795,13.745,0.99505
2018-12-06,3.9027,6.8816,14.125,0.9926
2018-12-07,3.8768,6.8733,14.1575,0.9914
2018-12-10,3.9298,6.9077,14.4358,0.9896
2018-12-11,3.9165,6.8968,14.3525,0.9931
2018-12-12,3.849,6.8778,14.1875,0.992
2018-12-13,3.8856,6.8798,14.185,0.9938
2018-12-14,3.897,6.905,14.38,0.997
2018-12-17,3.8922,6.8962,14.3875,0.9934
2018-12-18,3.9072,6.8939,14.3,0.993
2018-12-19,3.8737,6.8918,14.135,0.9918
2018-12-20,3.85,6.8834,14.38,0.9918
2018-12-21,3.8815,6.9048,14.46,0.9914
2018-12-24,3.8961,6.8980999999999995,14.46,0.9912
2018-12-25,3.9107,6.8914,14.46,0.991
2018-12-26,3.9253,6.8847,14.51,0.9908
2018-12-27,3.8895,6.8649,14.49,0.9902
2018-12-28,3.8711,6.8755,14.3525,0.9838
2018-12-31,3.8804,6.8755,14.3775,0.9832
2019-01-01,3.84635,6.8675999999999995,14.3775,0.9858
2019-01-02,3.8123,6.8597,14.41,0.9884
2019-01-03,3.7429,6.8708,14.3125,0.9889
2019-01-04,3.7149,6.8663,13.9625,0.9859
